feature,rho,p_value,abs_rho,target
Lacunarity,-0.6207932952020315,1.778984726347988e-87,0.6207932952020315,concentration
Area (microns^2),0.6207932952020315,1.778984726347988e-87,0.6207932952020315,concentration
Total Length (microns),0.6132341256212752,7.913890894536717e-85,0.6132341256212752,concentration
n_HistANG,0.5952942116054385,8.024166527954357e-79,0.5952942116054385,concentration
Box-Counting Fractal Dimension,0.5923992841459665,6.89305531397539e-78,0.5923992841459665,concentration
Branchpoints,0.559773469909331,5.507669376632819e-68,0.559773469909331,concentration
texture_std_asmmean.,-0.5169804849019259,1.4818880827702914e-56,0.5169804849019259,concentration
texture_std_correlationmean.,-0.5001870902042436,1.691780745041571e-52,0.5001870902042436,concentration
texture_std_homogeneitymean.,-0.417416411678894,1.7168388261570718e-35,0.417416411678894,concentration
texture_std_glcmmeanmean.,-0.40179991256649406,8.881344635552523e-33,0.40179991256649406,concentration
median_HistANG,-0.3961848371361582,7.75405783544715e-32,0.3961848371361582,concentration
texture_std_dissimilaritymean.,-0.37080617333430654,8.373290127934692e-28,0.37080617333430654,concentration
std_HistANG,-0.369790939230519,1.1938531819424253e-27,0.369790939230519,concentration
Alignment,0.3565607950569649,1.083576187665942e-25,0.3565607950569649,concentration
mean_HistANG,-0.3298993520568564,5.114390720856054e-22,0.3298993520568564,concentration
texture_std_contrastmean.,-0.3286060602048978,7.551888369716993e-22,0.3286060602048978,concentration
texture_std_glcmvariancemean.,-0.32017379733012774,9.159244901754451e-21,0.32017379733012774,concentration
HGU (microns),0.30520072125129516,6.357036016414772e-19,0.30520072125129516,concentration
std_HistWID,-0.30304414675093627,1.1477883255885999e-18,0.30304414675093627,concentration
Curvature_40.0,0.29935632361340814,3.1168480099510265e-18,0.29935632361340814,concentration
mean_HistWID,-0.2899560332091154,3.72916176035955e-17,0.2899560332091154,concentration
texture3d_std_inf2h,-0.2774046357858572,8.894775658125682e-16,0.2774046357858572,concentration
texture3d_std_homom,-0.27377048568185364,2.1628240738000443e-15,0.27377048568185364,concentration
Endpoints,0.26478507123528855,1.8386873331663743e-14,0.26478507123528855,concentration
texture_mean_glcmvariancemean.,-0.25617525003595704,1.326368072366389e-13,0.25617525003595704,concentration
texture3d_std_corrm,0.25397665388762747,2.1715280923818301e-13,0.25397665388762747,concentration
texture3d_std_senth,-0.2524247036652772,3.0666965530103405e-13,0.2524247036652772,concentration
texture3d_std_entro,-0.2493402025983559,6.047965860280697e-13,0.2493402025983559,concentration
texture3d_std_homop,-0.2408238757532086,3.761605578648179e-12,0.2408238757532086,concentration
texture_mean_glcmmeanmean.,-0.23819849329373272,6.516748102075925e-12,0.23819849329373272,concentration
texture3d_mean_inf1h,-0.2295787031004287,3.7826633878740423e-11,0.2295787031004287,concentration
texture_mean_contrastmean.,-0.2265653330853652,6.8816386482809e-11,0.2265653330853652,concentration
texture3d_std_maxpr,-0.22370069163327694,1.206062104704688e-10,0.22370069163327694,concentration
texture_median_glcmvariancemean.,-0.2231704419739739,1.3369455348985563e-10,0.2231704419739739,concentration
texture3d_std_inf1h,0.21699497338087165,4.3546357961606674e-10,0.21699497338087165,concentration
texture3d_std_energ,-0.21014052656549112,1.55049057548071e-09,0.21014052656549112,concentration
texture_median_contrastmean.,-0.20664863856520294,2.9129128906050382e-09,0.20664863856520294,concentration
texture3d_std_indnc,-0.1999299873942781,9.503348543235747e-09,0.1999299873942781,concentration
texture3d_median_corrp,0.19672236884115843,1.6477384189660123e-08,0.19672236884115843,concentration
texture3d_mean_corrp,0.1964187000162105,1.7350430633177908e-08,0.1964187000162105,concentration
median_HistWID,-0.19637348468550742,1.7484200852694033e-08,0.19637348468550742,concentration
texture3d_std_denth,-0.17560316765893705,4.926210202634397e-07,0.17560316765893705,concentration
texture3d_mean_sosvh,-0.17218241071050658,8.235942945607436e-07,0.17218241071050658,concentration
texture3d_median_sosvh,-0.16666763464799228,1.8466852845709987e-06,0.16666763464799228,concentration
texture3d_std_corrp,0.1665889234507857,1.867740866092879e-06,0.1665889234507857,concentration
texture_median_asmmean.,-0.1586933766945785,5.670786281087925e-06,0.1586933766945785,concentration
texture3d_median_contr,0.15631702792194374,7.840513589159151e-06,0.15631702792194374,concentration
texture_median_glcmmeanmean.,-0.151088820605062,1.572817266932324e-05,0.151088820605062,concentration
texture_mean_dissimilaritymean.,-0.15033224487166622,1.7362394035245016e-05,0.15033224487166622,concentration
texture_median_homogeneitymean.,-0.14761633198255322,2.4661644898323657e-05,0.14761633198255322,concentration
texture3d_mean_autoc,-0.14000530943377693,6.383267965535476e-05,0.14000530943377693,concentration
texture_mean_asmmean.,-0.13907413930036674,7.147512121782707e-05,0.13907413930036674,concentration
texture3d_mean_inf2h,-0.13298920113690157,0.00014706903271132106,0.13298920113690157,concentration
texture3d_median_autoc,-0.13200320105019775,0.00016484205552196824,0.13200320105019775,concentration
texture3d_median_savgh,-0.13088448096404115,0.00018744329458289294,0.13088448096404115,concentration
texture3d_mean_savgh,-0.12974950504774532,0.00021332092448854114,0.12974950504774532,concentration
texture3d_median_inf1h,0.12231972694559576,0.0004848060885771168,0.12231972694559576,concentration
texture3d_median_dissi,0.11987531175926505,0.0006290310779252023,0.11987531175926505,concentration
texture3d_mean_cprom,-0.11745676599487893,0.0008101145245868957,0.11745676599487893,concentration
texture3d_std_cprom,-0.1162152058169987,0.0009208043579818304,0.1162152058169987,concentration
texture_median_dissimilaritymean.,-0.11089330984618911,0.001572506842015424,0.11089330984618911,concentration
texture3d_std_idmnc,-0.11017553286835209,0.0016873276305472353,0.11017553286835209,concentration
median_HistLEN,0.1097002574016893,0.0017675396168342144,0.1097002574016893,concentration
texture3d_mean_dissi,0.0977017329562115,0.0053857716234648354,0.0977017329562115,concentration
texture3d_mean_dvarh,0.09438443935593774,0.007186358123294932,0.09438443935593774,concentration
texture3d_mean_contr,0.09438443935593774,0.007186358123294932,0.09438443935593774,concentration
texture3d_std_dissi,-0.09401585117812954,0.007416533108826348,0.09401585117812954,concentration
texture3d_mean_svarh,-0.09180432211128034,0.008941458817093332,0.09180432211128034,concentration
texture_median_correlationmean.,-0.0892888694592209,0.011010639390638156,0.0892888694592209,concentration
texture3d_median_svarh,-0.0786245513962658,0.025240419122524237,0.0786245513962658,concentration
texture_mean_homogeneitymean.,-0.07792083408050492,0.026581194239639713,0.07792083408050492,concentration
texture3d_median_inf2h,-0.07523079297396074,0.03228744219623656,0.07523079297396074,concentration
texture3d_mean_corrm,0.07296105982824373,0.037887580824819855,0.07296105982824373,concentration
texture3d_std_sosvh,-0.06872552901307936,0.05055304700285789,0.06872552901307936,concentration
std_HistLEN,-0.05647158871577173,0.10827186690581192,0.05647158871577173,concentration
texture3d_median_cshad,0.052458429207727086,0.13577397528709942,0.052458429207727086,concentration
texture3d_mean_cshad,0.051841603885759986,0.14044101282169452,0.051841603885759986,concentration
texture3d_std_cshad,0.05069057413751685,0.14947797840267635,0.05069057413751685,concentration
texture3d_std_autoc,-0.049940464863380864,0.15560135939763958,0.049940464863380864,concentration
texture3d_mean_energ,-0.043247679529495174,0.21887502517517662,0.043247679529495174,concentration
texture3d_median_indnc,-0.04285807006452294,0.22305748092600747,0.04285807006452294,concentration
texture3d_median_idmnc,-0.04240238658054784,0.2280212920960136,0.04240238658054784,concentration
texture3d_median_homop,-0.042078852619130205,0.23159294172445755,0.042078852619130205,concentration
texture3d_median_homom,-0.04012911757969424,0.253957117388185,0.04012911757969424,concentration
texture3d_std_svarh,0.03886342015135556,0.2692542369690074,0.03886342015135556,concentration
texture_mean_correlationmean.,-0.03643203146967342,0.3003811602261905,0.03643203146967342,concentration
texture3d_mean_homom,-0.03603757745482605,0.30564813888932424,0.03603757745482605,concentration
texture3d_mean_homop,-0.032726750313812066,0.3522517910769765,0.032726750313812066,concentration
texture3d_std_savgh,0.03250042423971931,0.35559363929771104,0.03250042423971931,concentration
texture3d_mean_indnc,-0.028167896535658044,0.42336717803991386,0.028167896535658044,concentration
texture3d_mean_maxpr,-0.026984534491115934,0.4431130526741869,0.026984534491115934,concentration
texture3d_median_corrm,0.026229649178821125,0.45597898356351396,0.026229649178821125,concentration
% High Density Matrix,0.024119921632197543,0.4930255460595929,0.024119921632197543,concentration
texture3d_median_energ,-0.02395265103431012,0.49603013149077574,0.02395265103431012,concentration
texture3d_median_cprom,0.022244928138672716,0.5272547083037888,0.022244928138672716,concentration
texture3d_std_contr,0.01931531380900151,0.5830564157022478,0.01931531380900151,concentration
texture3d_std_dvarh,0.01931531380900151,0.5830564157022478,0.01931531380900151,concentration
mean_HistSTR,0.017398008736685316,0.621003408031154,0.017398008736685316,concentration
texture3d_median_entro,0.01689362624668651,0.6311614162066105,0.01689362624668651,concentration
std_HistSTR,-0.016683464890265783,0.6354147188027187,0.016683464890265783,concentration
texture3d_mean_senth,-0.014517201038235148,0.6799359974587511,0.014517201038235148,concentration
mean_HistLEN,-0.014235910140796405,0.6858039708542568,0.014235910140796405,concentration
texture3d_mean_entro,-0.012338004267684928,0.7258758317277662,0.012338004267684928,concentration
median_HistSTR,-0.010773125627103936,0.7594950712930024,0.010773125627103936,concentration
texture3d_mean_denth,-0.006531123852390867,0.8527631837465317,0.006531123852390867,concentration
texture3d_median_senth,0.006007341025375994,0.8644522475142904,0.006007341025375994,concentration
texture3d_mean_idmnc,-0.0058327462523332305,0.8683553336151393,0.0058327462523332305,concentration
texture3d_median_maxpr,-0.005755365578599457,0.8700862179917208,0.005755365578599457,concentration
texture3d_median_denth,-0.003488655381159688,0.9210304144628658,0.003488655381159688,concentration
z_depth_HistLEN,0.0,1.0,0.0,concentration
TotalImageArea,,,,concentration
texture3d_median_svarh,-0.8001497946866294,1.492720641054888e-181,0.8001497946866294,FLU_vs_SHG
texture3d_mean_svarh,-0.7738189052367086,2.0835164070963342e-162,0.7738189052367086,FLU_vs_SHG
texture3d_median_homom,-0.7169713314168612,9.459224909187744e-129,0.7169713314168612,FLU_vs_SHG
texture3d_median_homop,-0.7154299757903129,5.917384954145917e-128,0.7154299757903129,FLU_vs_SHG
texture3d_median_indnc,-0.7143683443628953,2.0772903287836985e-127,0.7143683443628953,FLU_vs_SHG
texture3d_mean_homom,-0.7139877370941442,3.253946671433775e-127,0.7139877370941442,FLU_vs_SHG
texture3d_mean_homop,-0.7121820311724396,2.708922224900565e-126,0.7121820311724396,FLU_vs_SHG
texture3d_mean_indnc,-0.7118652406598599,3.92223332067538e-126,0.7118652406598599,FLU_vs_SHG
texture3d_mean_idmnc,-0.7074301734837433,6.6247161453279786e-124,0.7074301734837433,FLU_vs_SHG
texture3d_median_idmnc,-0.7056388026166487,5.1180018483111584e-123,0.7056388026166487,FLU_vs_SHG
texture3d_mean_maxpr,-0.6669126669247916,2.4526398247425912e-105,0.6669126669247916,FLU_vs_SHG
texture3d_mean_energ,-0.6604712598356698,1.188911439942737e-102,0.6604712598356698,FLU_vs_SHG
texture3d_std_savgh,0.6560467523433057,7.612891725386903e-101,0.6560467523433057,FLU_vs_SHG
texture3d_median_maxpr,-0.6506752685870311,1.081343653354767e-98,0.6506752685870311,FLU_vs_SHG
texture3d_median_energ,-0.6466778323002984,4.051328691120519e-97,0.6466778323002984,FLU_vs_SHG
texture3d_median_savgh,-0.6343786571469809,2.014579902856599e-92,0.6343786571469809,FLU_vs_SHG
texture3d_median_autoc,-0.6339245505092147,2.9752226400678697e-92,0.6339245505092147,FLU_vs_SHG
texture3d_mean_savgh,-0.632519776942382,9.898383768534291e-92,0.632519776942382,FLU_vs_SHG
texture3d_median_corrm,0.6317843567665149,1.8526268135392803e-91,0.6317843567665149,FLU_vs_SHG
texture3d_std_idmnc,0.6162578639632876,7.04243197778991e-86,0.6162578639632876,FLU_vs_SHG
texture3d_mean_corrm,0.6125830940173623,1.3277549295469537e-84,0.6125830940173623,FLU_vs_SHG
texture3d_mean_autoc,-0.6099431730791977,1.0691437564118796e-83,0.6099431730791977,FLU_vs_SHG
texture3d_median_sosvh,-0.5480319944769962,1.1032002259832445e-64,0.5480319944769962,FLU_vs_SHG
texture3d_mean_sosvh,-0.5409356397555728,9.452157510043294e-63,0.5409356397555728,FLU_vs_SHG
texture3d_std_svarh,0.5157507940054817,2.9899816568063747e-56,0.5157507940054817,FLU_vs_SHG
texture3d_mean_entro,0.4614634598330632,5.851545026056696e-44,0.4614634598330632,FLU_vs_SHG
texture3d_mean_senth,0.4605236479790766,9.145439071516273e-44,0.4605236479790766,FLU_vs_SHG
texture3d_median_entro,0.4574983373228731,3.814180285403977e-43,0.4574983373228731,FLU_vs_SHG
texture3d_mean_denth,0.4501223594827077,1.168559652054629e-41,0.4501223594827077,FLU_vs_SHG
texture3d_median_senth,0.4449323025465334,1.2354232376034922e-40,0.4449323025465334,FLU_vs_SHG
texture_mean_glcmvariancemean.,-0.44462076424757246,1.4214490982275995e-40,0.44462076424757246,FLU_vs_SHG
texture_median_glcmvariancemean.,-0.44242435002701946,3.805487995206143e-40,0.44242435002701946,FLU_vs_SHG
texture3d_mean_inf1h,-0.4398266678238654,1.2083665511518197e-39,0.4398266678238654,FLU_vs_SHG
texture_std_contrastmean.,-0.42195968291436686,2.6177922464675727e-36,0.42195968291436686,FLU_vs_SHG
texture3d_median_inf2h,0.41178018032001096,1.701248677336385e-34,0.41178018032001096,FLU_vs_SHG
texture3d_mean_dissi,0.41014339679514167,3.2845860258121603e-34,0.41014339679514167,FLU_vs_SHG
texture_mean_contrastmean.,-0.40756683395949295,9.184150010233335e-34,0.40756683395949295,FLU_vs_SHG
texture3d_std_energ,-0.40580336677279893,1.8468483611089592e-33,0.40580336677279893,FLU_vs_SHG
texture3d_median_dissi,0.4006452620602093,1.3914506324429195e-32,0.4006452620602093,FLU_vs_SHG
texture3d_std_indnc,0.39916132569237656,2.47137356023525e-32,0.39916132569237656,FLU_vs_SHG
texture_median_contrastmean.,-0.3982320735221427,3.536030082459522e-32,0.3982320735221427,FLU_vs_SHG
texture3d_std_autoc,0.38786246407703173,1.7840353872361785e-30,0.38786246407703173,FLU_vs_SHG
texture_std_glcmvariancemean.,-0.3743249495061233,2.424829181536864e-28,0.3743249495061233,FLU_vs_SHG
texture_std_glcmmeanmean.,-0.37024891157759704,1.017477402332936e-27,0.37024891157759704,FLU_vs_SHG
texture3d_std_sosvh,0.3605445622089036,2.850612769565177e-26,0.3605445622089036,FLU_vs_SHG
texture_mean_glcmmeanmean.,-0.3575244926556432,7.858263679377553e-26,0.3575244926556432,FLU_vs_SHG
texture3d_median_denth,0.355032469419345,1.7995430915390127e-25,0.355032469419345,FLU_vs_SHG
texture3d_std_cshad,0.34765118834690734,2.005945358216872e-24,0.34765118834690734,FLU_vs_SHG
texture_median_glcmmeanmean.,-0.33134703663280224,3.2988388504376084e-22,0.33134703663280224,FLU_vs_SHG
texture3d_std_corrp,0.3295307710273449,5.71630376080131e-22,0.3295307710273449,FLU_vs_SHG
texture3d_mean_inf2h,0.32524353942376544,2.0622490163162103e-21,0.32524353942376544,FLU_vs_SHG
texture3d_std_denth,-0.31907668411221274,1.2599969155475265e-20,0.31907668411221274,FLU_vs_SHG
texture3d_std_inf1h,0.3007661924851025,2.1310208760662954e-18,0.3007661924851025,FLU_vs_SHG
texture_std_dissimilaritymean.,-0.29671127392408153,6.325042847593761e-18,0.29671127392408153,FLU_vs_SHG
texture3d_std_homop,0.27609877123889165,1.2259154693360182e-15,0.27609877123889165,FLU_vs_SHG
texture_mean_dissimilaritymean.,-0.26260349540299377,3.054473885171642e-14,0.26260349540299377,FLU_vs_SHG
texture_median_dissimilaritymean.,-0.2509350448563059,4.2619517428943644e-13,0.2509350448563059,FLU_vs_SHG
texture3d_median_corrp,0.24628881704457364,1.1734718964235945e-12,0.24628881704457364,FLU_vs_SHG
texture3d_mean_corrp,0.24590863539004038,1.2736998914731143e-12,0.24590863539004038,FLU_vs_SHG
std_HistWID,-0.24376501958825061,2.0166973570075556e-12,0.24376501958825061,FLU_vs_SHG
HGU (microns),0.2385643834202962,6.038649335483925e-12,0.2385643834202962,FLU_vs_SHG
texture3d_std_contr,0.22965728209469854,3.7236721882629895e-11,0.22965728209469854,FLU_vs_SHG
texture3d_std_dvarh,0.22965728209469854,3.7236721882629895e-11,0.22965728209469854,FLU_vs_SHG
texture3d_std_senth,-0.229087059172055,4.1730226486662074e-11,0.229087059172055,FLU_vs_SHG
texture3d_std_maxpr,-0.20450411539586547,4.267309917416763e-09,0.20450411539586547,FLU_vs_SHG
texture3d_mean_contr,0.2003647193648232,8.814088260189975e-09,0.2003647193648232,FLU_vs_SHG
texture3d_mean_dvarh,0.2003647193648232,8.814088260189975e-09,0.2003647193648232,FLU_vs_SHG
texture3d_mean_cshad,0.19485256444593538,2.2614446861531342e-08,0.19485256444593538,FLU_vs_SHG
texture3d_std_cprom,0.19407114784823862,2.578993556963823e-08,0.19407114784823862,FLU_vs_SHG
Endpoints,-0.18854919344829002,6.427497119987247e-08,0.18854919344829002,FLU_vs_SHG
texture3d_median_cshad,0.18203654437803038,1.823405414368653e-07,0.18203654437803038,FLU_vs_SHG
texture3d_median_contr,0.17135735031838162,9.308837915769993e-07,0.17135735031838162,FLU_vs_SHG
Lacunarity,0.1619328216481565,3.6184075874300755e-06,0.1619328216481565,FLU_vs_SHG
Area (microns^2),-0.1619328216481565,3.6184075874300755e-06,0.1619328216481565,FLU_vs_SHG
Box-Counting Fractal Dimension,-0.15784628193679043,6.368468267145687e-06,0.15784628193679043,FLU_vs_SHG
Total Length (microns),-0.15497401848515094,9.396230069248666e-06,0.15497401848515094,FLU_vs_SHG
texture3d_mean_cprom,0.15245543417901053,1.314033879978492e-05,0.15245543417901053,FLU_vs_SHG
texture3d_std_homom,0.1458873108848568,3.073758011910585e-05,0.1458873108848568,FLU_vs_SHG
mean_HistWID,-0.14567611720980364,3.1570332381397366e-05,0.14567611720980364,FLU_vs_SHG
Branchpoints,-0.13953993994906969,6.75501239571291e-05,0.13953993994906969,FLU_vs_SHG
% High Density Matrix,-0.13470476547772145,0.00012036411807582759,0.13470476547772145,FLU_vs_SHG
texture3d_std_inf2h,-0.11363803670423701,0.0011965533567087822,0.11363803670423701,FLU_vs_SHG
median_HistSTR,0.11362224464235662,0.001198456189560531,0.11362224464235662,FLU_vs_SHG
texture3d_std_dissi,0.10920296952812034,0.0018552000731470145,0.10920296952812034,FLU_vs_SHG
texture_mean_correlationmean.,0.1056021173684637,0.002618801019689966,0.1056021173684637,FLU_vs_SHG
texture_median_correlationmean.,0.10492629760829356,0.002790689121911517,0.10492629760829356,FLU_vs_SHG
texture3d_std_entro,-0.10437719405315529,0.0029378534801248845,0.10437719405315529,FLU_vs_SHG
mean_HistSTR,0.08284071950724678,0.01836867324595342,0.08284071950724678,FLU_vs_SHG
median_HistWID,-0.08201708454143274,0.019565552803115126,0.08201708454143274,FLU_vs_SHG
texture_std_correlationmean.,0.08112477042980076,0.020938435219862377,0.08112477042980076,FLU_vs_SHG
texture_std_homogeneitymean.,0.07843205107287278,0.025601250613360594,0.07843205107287278,FLU_vs_SHG
Alignment,0.06352181885118544,0.07077852479657225,0.06352181885118544,FLU_vs_SHG
Curvature_40.0,-0.05021787756767294,0.15331497587058437,0.05021787756767294,FLU_vs_SHG
texture_mean_homogeneitymean.,-0.04478889863690203,0.20288148971906236,0.04478889863690203,FLU_vs_SHG
std_HistSTR,-0.041863866237415566,0.2339881052460852,0.041863866237415566,FLU_vs_SHG
texture_median_homogeneitymean.,-0.03715424728372977,0.29089507772938805,0.03715424728372977,FLU_vs_SHG
texture3d_std_corrm,0.031209145330982898,0.3750400088232396,0.031209145330982898,FLU_vs_SHG
n_HistANG,-0.03046728622151467,0.38650326078797664,0.03046728622151467,FLU_vs_SHG
std_HistLEN,-0.02675295878736091,0.44703774670653057,0.02675295878736091,FLU_vs_SHG
median_HistLEN,0.017428759509553422,0.6203864032411542,0.017428759509553422,FLU_vs_SHG
std_HistANG,0.013426637891505586,0.7027908090352452,0.013426637891505586,FLU_vs_SHG
texture_std_asmmean.,0.0092766821767107,0.7920750968401812,0.0092766821767107,FLU_vs_SHG
median_HistANG,-0.008315772877559927,0.8131924084182705,0.008315772877559927,FLU_vs_SHG
mean_HistLEN,-0.0077772071277357885,0.8250887611656228,0.0077772071277357885,FLU_vs_SHG
texture_mean_asmmean.,-0.0069007533323624855,0.844533526111943,0.0069007533323624855,FLU_vs_SHG
mean_HistANG,0.0056652703333014125,0.8721022898392617,0.0056652703333014125,FLU_vs_SHG
texture_median_asmmean.,-0.005591352547032801,0.873756976894441,0.005591352547032801,FLU_vs_SHG
texture3d_median_cprom,-0.002259803640928359,0.9487983180971252,0.002259803640928359,FLU_vs_SHG
texture3d_median_inf1h,-0.00021577638019063078,0.9951077059134885,0.00021577638019063078,FLU_vs_SHG
z_depth_HistLEN,0.0,1.0,0.0,FLU_vs_SHG
TotalImageArea,,,,FLU_vs_SHG
